{
    "colors": [
        {"name": "Lilac", "l": 75.86, "c": 0.068, "h": 326.22},
        {"name": "sRGB Red", "l": 62.8, "c": 0.25768330773615683, "h": 29.2338851923426}
    ]
}
