{
    "colors": [
        {"name": "Lilac", "l": 75.86, "c": 0.068, "h": 326.22},
        {"name": "sRGB Red", "l": 62.8, "c": 0.25768330773615683, "h": 29.2338851923426},
        {"name": "sRGB Green", "l": 86.64, "c": 0.2948272403370167, "h": 142.49533888780996},
        {"name": "sRGB Blue", "l": 45.2, "c": 0.31321437166460125, "h": 264.052020638055}
    ]
}
